pdf_name,file_hash,file_size_bytes,pdf_version,num_pages,num_objects,num_stream_objects,num_embedded_files,num_annotation_objects,num_form_fields,creation_date_ts,mod_date_ts,creation_mod_date_diff,avg_entropy_per_stream,max_entropy_per_stream,min_entropy_per_stream,std_entropy_per_stream,num_streams_entropy_gt_threshold,num_encrypted_streams,num_corrupted_objects,num_objects_with_random_markers,has_broken_name_trees,num_suspicious_filters,has_javascript,has_launch_actions,avg_file_size_per_page,compression_ratio,num_eof_markers,extraction_success,extraction_time_ms,error_count,label
TAHISCO PHYSICS 2 2025 - WazaElimu.com (1).pdf,1eee496b941ce35a8538cf9ac52a03314ba6e76965f76ddf69dea7323ef120b7,5269691,1.3,17,102,85,0,0,1,0,0,0,7.197656158760083,7.951782984555796,0.0,2.276259309537449,10,0,0,0,False,17,False,False,309981.82352941175,309981.82352941175,1,True,2665,0,0
clean1.pdf,3dcd373bfaa5895d74f237611c1f11ce033f522843e46d4cec4bbe64fc7462ec,87505,1.7,4,24,20,0,0,0,897112,897112,0,7.217613720399132,7.979478463309937,1.9219280948873623,1.760496552584227,9,0,0,0,False,8,False,False,21876.25,21876.25,1,True,68,0,0
TAHISCO PHYSICS 1 2025 - WazaElimu.com.pdf,0fc9659d666a709f517a8cd1186103f7ae805e21118c7fab41571d5c60c97ee8,438794,1.5,6,36,30,0,0,1,806651,173975,632676,7.3679196552050845,7.9938969151163235,2.0,1.7093149605186462,10,0,0,0,False,17,False,False,73132.33333333333,73132.33333333333,1,True,216,0,0
CHEMISTRY-2 - WazaElimu.com (1).pdf,96a04ad8ed2748997969b8d904d7bc85f3444208c079408ff3cc2452d051ec55,11008652,1.3,21,126,105,0,0,1,0,0,0,7.321784270849495,7.981466719006512,1.0,1.9992526337354861,10,0,0,0,False,21,True,False,524221.5238095238,524221.5238095238,1,True,1500,0,0
PHYSICS-1 - WazaElimu.com (1).pdf,1861bbf27f8600feffe992780c5fc1b09530c21855b974ef64492a9bdd246f51,918521,1.7,11,66,55,0,0,1,618702,520530,98172,7.229879312456839,7.996681932438233,0.0,2.2879344497696357,10,0,0,0,False,70,False,False,83501.90909090909,83501.90909090909,1,True,242,0,0
TAHISCO BIOLOGY 2 2025 - WazaElimu.com (1).pdf,4eda69dfb3b27459ef3c795756970144cda90e74b60449d6c648a00bdc700a5d,9615541,1.3,13,78,65,0,0,1,0,0,0,7.163535258235117,7.95526881362175,0.0,2.2658647135126193,10,0,0,0,False,13,False,False,739657.0,739657.0,1,True,1700,0,0
TAHISCO CHEMISTRY 2 2025 - WazaElimu.com.pdf,bb8c4483e611d8b28d114a218bc847cc5c9540714441e1ba9f8afdf615da21af,415800,1.5,5,30,25,0,0,1,495866,335817,160049,7.8965763684112344,7.992918589236139,7.233147114472439,0.22577083895743252,10,0,0,0,False,19,False,False,83160.0,83160.0,1,True,68,0,0
TN 412 Lecture 1 DSP_23_24.pdf,9536e08b93d618ab50010fb8730695e2b5c0a594ead3bf2174651b8b6cdadbf0,1412563,1.3,60,360,300,0,0,0,549135,549135,0,7.322221242672035,7.9808348102583295,1.584962500721156,1.8149296352558741,10,0,0,0,False,238,False,False,23542.716666666667,23542.716666666667,1,True,279,0,0
TN MAJIBU.pdf,911aed3162d26b96482706739b158763f12d5764fe31d69c181be7bcde434f38,3316047,1.7,17,102,85,0,0,0,16570,16570,0,7.457508286683643,7.964339594325368,2.5216406363433186,1.560901298537341,10,0,0,0,False,20,False,False,195061.58823529413,195061.58823529413,1,True,510,0,0
TN 412 DSP Proakis & Manolakis solution manual.pdf,314ba10e78fd7ba92fb3e7c2555f1e0de2cbdef0081c6a266dd5897e87ce53f7,6880379,1.5,400,2400,2000,0,0,1,481874,412570,69304,7.23174091109683,7.764096082130657,2.5032583347756456,1.4956363215450816,10,0,0,0,False,401,True,False,17200.9475,17200.9475,1,True,1328,0,0
BT ASS2  JAZIA NYAMAAA.pdf,87dc47807d718dd7c50bd2e01c4fd7eee407df2a8ffef50ea6cc988bbc2f4721,287935,1.7,6,36,30,0,0,0,425442,425442,0,7.331488923820854,7.992018124954959,1.9219280948873623,1.7334123715378387,9,0,0,0,False,20,False,False,47989.166666666664,47989.166666666664,1,True,70,0,0
BARUA 2.pdf,863f39e1393ed95f0f0d5afdc455724151a58557f10dfc06658a00c2dc406854,102853,1.7,1,6,5,0,0,0,785424,785424,0,7.228552538529988,7.979990238569496,1.584962500721156,1.8313564903681727,9,0,0,0,False,7,False,False,102853.0,102853.0,1,True,39,0,0
PHYSICS-1 - WazaElimu.com.pdf,c4013265a87163bea4df214a10a34c518c02ac02cc16bc49fb2523df5a200f7c,336632,1.7,5,30,25,0,0,1,104533,181445,76912,7.254973573054758,7.993800483102998,1.0,1.9876746365832143,10,0,0,0,False,25,False,False,67326.4,67326.4,1,True,139,0,0
Physics 1 - WazaElimu.com.pdf,3b5022750a3a7425b57dffa01b9a3a8beca2f487f4d411a2b31a4ca44e99cf7e,1469430,1.7,4,24,20,0,0,1,0,0,0,7.4859673096798405,7.710827435484037,6.887547539451724,0.24794412906149216,9,0,0,0,False,8,False,False,367357.5,367357.5,1,True,266,0,0
Assignment two.pdf,0d946e6ff98a918c967ae4eb6ad72607efdbe8f2379dddab7fb44c9783ec5cf3,400544,1.3,5,30,25,0,0,0,397185,397185,0,7.410754006207085,7.992903468929978,2.0,1.711742096333679,10,0,0,0,False,60,False,False,80108.8,80108.8,1,True,53,0,0
CHEMISTRY-1 - WazaElimu.com.pdf,71556a607010c48848931b34dbd07e513f4d6cfd6535cbd1dc115d3052546202,325725,1.7,6,36,30,0,0,1,649917,908712,258795,7.368801330434556,7.993240401900559,2.321928094887362,1.6086645676733764,10,0,0,0,False,30,False,False,54287.5,54287.5,1,True,54,0,0
CHEMISTRY-1 - WazaElimu.com (1).pdf,d8d1a9d9b633a938ed5d3ecdd8ec95c2e8d11e2f5699b99d9152f832e5faf91e,856364,1.7,14,84,70,0,0,1,737020,251411,485609,7.412839402509306,7.996100532100827,2.0,1.7142939970968791,10,0,0,0,False,39,False,False,61168.857142857145,61168.857142857145,1,True,124,0,0
receipt_91F75089CS993473R.pdf,1e9f28c314dd1c1e84ab51e0570f5de5e911b104f6afd25843d0cd2137fbf759,24072,1.7,1,6,5,0,0,0,0,0,0,7.245595087833664,7.9141725167522265,1.0,1.975677674377196,10,0,0,0,False,9,False,False,24072.0,24072.0,1,True,16,0,0
BIOLOGY- 2.docx (1).pdf,4277549622310c9a767aa1eb3931e2e215c5872ed260895d6d910964c60b257f,380017,1.4,16,96,80,0,0,0,0,0,0,7.173824147614178,7.98571278873146,2.2359263506290326,1.6448745693104985,9,0,0,0,False,40,False,False,23751.0625,23751.0625,1,True,70,0,0
BARUA.pdf,4493a3db659762f887754e533bd2296fb04341579fe34635d87b7cd56306bad9,97987,1.7,1,6,5,0,0,0,731388,731388,0,7.311672884474782,7.977065833655168,2.5216406363433186,1.5716804434062501,9,0,0,0,False,7,False,False,97987.0,97987.0,1,True,21,0,0
rules-and-regulations-to-guide-the-structured-engineers-apprenticeship-_1AnGDsE.pdf,2c8ae1dec3aaa4a1bbdb6e283b796c88dea6405216178816b7a36f642a72b2f2,33797,1.4,2,12,10,0,0,0,850431,589992,260439,6.284221312037968,7.94426158667503,2.5216406363433186,2.076636855731263,7,0,0,0,False,16,False,False,16898.5,16898.5,1,True,25,0,0
application-form-for-admission-into-seap.pdf,859f039dd27fc3feb2db0ea53b8ff8e60bdf314e325090ab7af56fac92ae6082,72861,1.5,5,30,25,0,0,0,573933,253553,320380,6.989099038133193,7.974135448466819,0.0,2.3022804353952173,9,0,0,0,False,32,False,False,14572.2,14572.2,1,True,40,0,0
application-form-for-admission-into-seap (1).pdf,859f039dd27fc3feb2db0ea53b8ff8e60bdf314e325090ab7af56fac92ae6082,72861,1.5,5,30,25,0,0,0,573933,253553,320380,6.989099038133193,7.974135448466819,0.0,2.3022804353952173,9,0,0,0,False,32,False,False,14572.2,14572.2,1,True,108,0,0
CD 411 PRESENTETION[1].pdf,54312cb7527e9505b7367dc3171827e4713ace91b71649947f59e21a4f330334,668177,1.7,19,114,95,0,0,0,232065,232065,0,7.389218375934382,7.995974485069609,2.5216406363433186,1.5552788144302672,10,0,0,0,False,36,False,True,35167.21052631579,35167.21052631579,1,True,108,0,0
PHYSICS -2 - WazaElimu.com (1).pdf,3e4800c6b86cbfb4023e51f8b9b95eb8fbfd326dab380e5cd4bf5edc8aafecca,1472774,1.7,15,90,75,0,0,1,151540,556120,404580,7.412293620060736,7.994295514282981,2.0,1.712057502215294,10,0,0,0,False,42,False,False,98184.93333333333,98184.93333333333,1,True,195,0,0
TN 412 Lecture 8 DSP_New_23_24.pdf,2f2000765ccfbffefe609a5fbe3b0537eba8e78d19c2502d23dcb27d93a45da4,7018963,1.3,72,432,360,0,0,0,460890,460890,0,7.302587643682031,7.959851790810638,1.584962500721156,1.809076222110003,10,0,0,0,False,785,True,False,97485.59722222222,97485.59722222222,1,True,1115,0,0
TAHISCO PHYSICS 1 2025 - WazaElimu.com (1).pdf,440ccbe4b8a0ad2fb28ebab676cadccaf93d6e5b298c7228d92b416201fc4ce0,9569642,1.3,31,186,155,0,0,1,0,0,0,7.264762697636076,7.955663610956563,1.0,1.9824376026444401,10,0,0,0,False,31,False,False,308698.12903225806,308698.12903225806,1,True,1514,0,0
BT 310 UE 2020.pdf,09ba074b1963ab09120ab1ed984690b608ba83f215b0e043f74678a0d4589ef1,7005935,1.4,11,66,55,0,0,0,387844,387844,0,6.818671258567897,7.4567217987717855,2.321928094887362,1.4288033476212378,10,0,0,0,False,11,False,False,636903.1818181818,636903.1818181818,1,True,1023,0,0
BIOLOGY -1 - WazaElimu.com.pdf,aaed8a0a38ae814f98535c7440511548c207e0b6f08b3f94c095e752098d10ef,292018,1.7,4,24,20,0,0,1,753560,482025,271535,7.363135850492211,7.992132860758515,2.5,1.5665520780723825,9,0,0,0,False,21,False,False,73004.5,73004.5,1,True,59,0,0
TAHISCO CHEMISTRY 1 2025 - WazaElimu.com (1).pdf,e49fa8e3290b03d720686331b458375233a0075015aa9b834efab0b3f98cdc88,18018321,1.3,28,168,140,0,0,1,0,0,0,7.145512463681403,7.919990489167918,0.0,2.2600611038198934,10,0,0,0,False,28,True,False,643511.4642857143,643511.4642857143,1,True,2398,0,0
CCRT-102 sound theory.pdf,848d686d230c867cf73d6280ae4edc8a9c4fc5a5d77a8904de1d3720c02fff17,11707799,1.7,264,1584,1320,0,0,0,0,936562,936562,7.476374754089486,7.984738985192751,2.5032583347756456,1.572694297256787,10,0,0,0,False,699,True,False,44347.72348484849,44347.72348484849,1,True,1912,0,0
BT 310 Revision.pdf,e4e641141d849b0e9edd0901f04045ad09223c92d1857208569e486a01acf6b8,14747969,1.4,41,246,205,0,3,0,0,0,0,7.482595168929469,7.9827680219229,2.5032583347756456,1.574604911248096,10,0,0,0,False,44,False,False,359706.56097560975,359706.56097560975,1,True,2057,0,0
questionnaire-for-potential-apprenticeship-providers.pdf,62d94076f3ec33c714e7d9e70ccac425623bc1aeaa499e9fbaa4be52c9791bc6,91053,1.4,4,24,20,0,0,0,774388,143207,631181,5.967468780930503,7.9620830839921295,1.584962500721156,2.4366771890197105,6,0,0,0,False,28,False,False,22763.25,22763.25,1,True,39,0,0
fyp ppsl2.pdf,c1d7836d02ace9e842c350719cf7cac03c52ff626d9aafde9ca9731184ca26bd,821982,1.5,17,102,85,0,0,0,669322,669322,0,7.1950678299126585,7.994360640624415,1.0,2.0123810661511734,9,0,0,0,False,32,False,False,48351.882352941175,48351.882352941175,1,True,150,0,0
TAHISCO CHEMISTRY 1 2025 - WazaElimu.com.pdf,b7207eabf0d2ed3590351fa9a2dba9397f27496ce733bb04071ea3e270c10a67,537227,1.5,6,36,30,0,0,1,173886,656185,482299,7.403311856581933,7.993569765649412,2.2359263506290326,1.6407813912222369,10,0,0,0,False,43,False,False,89537.83333333333,89537.83333333333,1,True,84,0,0
Physics 2 - WazaElimu.com.pdf,1bd28975faad88844aee08cc5a865611362305d3be7d78c28c52adb2cb034225,1364552,1.7,4,24,20,0,0,1,0,0,0,6.776438507859988,7.663704477206681,1.0,1.8421760187947693,9,0,0,0,False,8,False,False,341138.0,341138.0,1,True,167,0,0
BT ASS2.pdf,d541f21c232eecb6d44819df3050d3e6c9af123c7918b1d297fcb768b1c6fbd9,303976,1.7,5,30,25,0,0,0,413010,413010,0,7.301734644280023,7.993283591718915,2.2516291673878226,1.660854686298644,9,0,0,0,False,22,False,False,60795.2,60795.2,1,True,50,0,0
TN 412 Lecture 2 DSP_23_24.pdf,7df3f57d76bafa8f8ac59062bd94a046165179ca3a916f42c342cb39e402fb96,1670976,1.3,40,240,200,0,0,0,191374,191374,0,7.393266583207848,7.95331780973944,2.2516291673878226,1.6277934586220615,10,0,0,0,False,436,False,False,41774.4,41774.4,1,True,221,0,0
TN 412 DSP Proakis & Manolakis book_23_24.pdf,670b556d6ef46bd6119df643ff7f00ca666aa8a3a6e698670f5e4ac867f91348,20000947,1.6,1033,6198,5165,0,2,1,367201,624501,257300,7.497102551350324,7.995399568097937,2.5216406363433186,1.5733792877535797,10,0,0,0,False,1055,False,False,19362.00096805421,19362.00096805421,1,True,3994,0,0
TEST 1 2 3.pdf,1fe741b9de603153defa7cd1c1ed94184461b6e92437b9aa1e42a56c729a2ee0,70698,1.7,1,6,5,0,0,0,486304,486304,0,7.144180601486419,7.973667047548335,2.75,1.6935301640270897,9,0,0,0,False,5,False,False,70698.0,70698.0,1,True,31,0,0
TAHISCO CHEMISTRY 2 2025 - WazaElimu.com (1).pdf,69c8de9f653d31a9efd82d10c36c4ce3be3e9076cac33b6cebc75c76027d0cbe,14290572,1.3,24,144,120,0,0,1,0,0,0,7.12973004264816,7.889325782333427,1.0,1.9408027561426695,10,0,0,0,False,24,False,False,595440.5,595440.5,1,True,1936,0,0
BIOLOGY- 2.docx.pdf,4277549622310c9a767aa1eb3931e2e215c5872ed260895d6d910964c60b257f,380017,1.4,16,96,80,0,0,0,0,0,0,7.173824147614178,7.98571278873146,2.2359263506290326,1.6448745693104985,9,0,0,0,False,40,False,False,23751.0625,23751.0625,1,True,63,0,0
Tutorial_Questions[1].pdf,28bc9e3f7421617f161b30e04389715b4acba075afe948af26d9dd3873fc3881,359934,1.7,26,156,130,0,0,0,288859,288859,0,7.267961230515814,7.9933468920883275,2.0,1.7055227331242222,9,0,0,0,False,43,False,False,13843.615384615385,13843.615384615385,1,True,99,0,0
CHEMISTRY-2 - WazaElimu.com.pdf,d48238bf2adc7061cda57dc1cc8cac7773ecd12b20117c50bba0a3efc63d9b6c,306585,1.7,4,24,20,0,0,1,473322,992828,519506,7.360064622027246,7.99284080937192,2.321928094887362,1.6113663485343275,10,0,0,0,False,27,False,False,76646.25,76646.25,1,True,53,0,0
TAHISCO BIOLOGY 2 2025 - WazaElimu.com.pdf,87b319139e3614ab85d5ac9866149135a32bb3dc63cb20736b176395a786263d,378602,1.5,3,18,15,0,0,1,574661,544954,29707,7.257862159674641,7.992365308834388,1.0,1.9942830240377478,10,0,0,0,False,12,False,False,126200.66666666667,126200.66666666667,1,True,59,0,0
TAHISCO BIOLOGY 1 2025 - WazaElimu.com (1).pdf,80af0084caafdf51dd98945711459c6b2f49e9951bba0cc021bd0ee8202aec26,9877458,1.3,13,78,65,0,0,1,0,0,0,7.4099494880327,7.9655978627689255,2.5,1.5541123083850614,10,0,0,0,False,13,False,False,759804.4615384615,759804.4615384615,1,True,1500,0,0
rules-and-regulations-to-guide-the-structured-engineers-apprenticeship-programme-seap.pdf,2c8ae1dec3aaa4a1bbdb6e283b796c88dea6405216178816b7a36f642a72b2f2,33797,1.4,2,12,10,0,0,0,850431,589992,260439,6.284221312037968,7.94426158667503,2.5216406363433186,2.076636855731263,7,0,0,0,False,16,False,False,16898.5,16898.5,1,True,28,0,0
SI 311 Lecture 05 year 2024-2025.pdf,02fa502bfff52f6fcf798c700120f013486dec2e908620083df453a3deed723a,621007,1.7,44,264,220,0,0,0,959648,959648,0,7.242062781621187,7.99359634445784,2.5216406363433186,1.60653589494142,9,0,0,0,False,75,False,True,14113.795454545454,14113.795454545454,1,True,298,0,0
BT 413 ASSIGNMENT TWO.pdf,0b96938ed63d64b138830fd94dd787e0d07b754d82e1fc8978b4470d545d3780,223944,1.5,1,6,5,0,0,0,921341,921341,0,7.400853776339447,7.990787001460961,2.0,1.7103974223570872,10,0,0,0,False,9,False,False,223944.0,223944.0,1,True,41,0,0
TN 412 Lecture 3 DSP_23_24.pdf,b572e04c3630078a3282afdd8093e4c69b0110e961a81a1c765a76a67d27d3a9,2932908,1.3,53,318,265,0,0,0,956177,956177,0,7.420465505852106,7.953562149973711,2.5,1.5586726704297935,10,0,0,0,False,812,False,False,55337.88679245283,55337.88679245283,1,True,383,0,0
TAHISCO PHYSICS 2 2025 - WazaElimu.com.pdf,3adea44d52eb7829838d43f97d864042f5df2eed6d7757b350f3b8722cca1e4e,419875,1.5,5,30,25,0,0,1,120218,154457,34239,7.39152843698393,7.993485019435797,2.321928094887362,1.6171906926796944,10,0,0,0,False,18,False,False,83975.0,83975.0,1,True,65,0,0
TN 412 Lecture 4 DSP z_transfotm_23_24.pdf,911be5e048d333b8eca2c753877254c3f0604bf2dedeac9d82bff94da23fef97,4498934,1.3,82,492,410,0,0,0,543624,543624,0,7.320938905003541,7.967384807188481,2.0,1.6877180389385786,10,0,0,0,False,998,False,False,54865.04878048781,54865.04878048781,1,True,867,0,0
gn-746-erb-2019-fees.pdf,9ff710647ff00535b596b19d961e7f7dcb17885ac6b08b3d64742f0abec9cfd1,271688,1.5,4,24,20,0,0,0,925047,925047,0,7.2592926691541075,7.989894880348707,2.75,1.6002476584611918,9,0,0,0,False,12,False,False,67922.0,67922.0,1,True,61,0,0
BIOLOGY -1 - WazaElimu.com (1).pdf,04627104d9f25129ac9a61af54932de777d92f937f3120e67c287794ea88b775,748504,1.7,8,48,40,0,0,1,976720,262295,714425,7.401652961765117,7.99430409214494,2.0,1.7118658485080969,10,0,0,0,False,17,False,False,93563.0,93563.0,1,True,130,0,0
"registered-engs-april-25,--2025-1745685273.pdf",a8663f111702dc6fb891e40119bfc729f41244f437db9476cd08426fd4094636,343819,1.5,19,114,95,0,0,0,57067,57067,0,6.69919677725068,7.993092640341499,2.94770277922009,2.073171238581823,8,0,0,0,False,30,False,True,18095.736842105263,18095.736842105263,1,True,110,0,0
PHYSICS -2 - WazaElimu.com.pdf,d5a8924afe19b742644c9f782623a0121e3a6ebbee5db4fb7db5e1dd29a940d2,348573,1.7,5,30,25,0,0,1,622802,62280,560522,7.309121157055947,7.994012219931499,1.584962500721156,1.8216610756807095,10,0,0,0,False,25,False,False,69714.6,69714.6,1,True,73,0,0
TAHISCO BIOLOGY 1 2025 - WazaElimu.com.pdf,86dde841958baa6399fce4fca42654f41590fd0a75af45766b34139f5305b837,394563,1.5,4,24,20,0,0,1,887008,651267,235741,7.316855593042778,7.992584301813928,1.584962500721156,1.8274248451005084,10,0,0,0,False,13,False,False,98640.75,98640.75,1,True,76,0,0
custom_8_embedded.pdf,a4db43f2d86cdf5f2088f089987da9c964003facca1d3ff34feee98c606906b1,154064,1.3,4,24,20,1,0,1,0,0,0,7.422863316438338,7.983938914628575,2.0,1.7151322331623216,10,0,0,0,False,8,False,False,38516.0,38516.0,1,True,57,0,1
ml_2_embedded.pdf,d52d3597cd65e7888f4a8e898ecd0c84385e59d7bf8b3d2e284ac666a948ecf9,10588,1.3,1,6,5,1,0,1,0,0,0,6.686722967269051,7.832907794111182,2.5,1.6397662309708274,7,0,0,0,False,2,False,False,10588.0,10588.0,1,True,16,0,1
output_interleave_complex.pdf,e3bf25084b66319f34e9fa40734ae96f17fc65f7f17df8e930354b4b79de4162,7268131,1.4,285,1710,1425,0,0,0,486002,0,486002,6.965071149685944,7.999757718078671,0.0,2.208200913957286,10,0,0,0,False,309,False,True,25502.21403508772,25502.21403508772,1,True,1891,0,1
agentic_ai_3_embedded.pdf,4eb8ed861b862748f0d76ca8bea070cdc435c94ca975e1c0abbce6920261d7f8,10563,1.3,1,6,5,1,0,1,0,0,0,6.602008959959335,7.833401355224688,1.584962500721156,1.860935507482108,7,0,0,0,False,2,False,False,10563.0,10563.0,1,True,8,0,1
Stego_JS_Embedded (1).pdf,2dffe2f31883add511de25d0e37996398c906745246ec40af621714203ac9458,576058,1.3,44,264,220,0,0,1,0,0,0,7.374623255958671,7.989618283568932,2.5,1.5525148138019647,10,0,0,0,False,71,True,True,13092.227272727272,13092.227272727272,1,True,153,0,1
output_6db26ba8f6b44088be97e30cc3ea2412.pdf,f17b28fc429a750237fcd2a15901b0eb59534e5c37eba38711cd21f693646d44,31350,1.4,1,6,5,0,0,0,0,0,0,7.526821678112545,7.941884989748798,5.964804843963988,0.6449719160517697,8,0,0,0,False,9,False,False,31350.0,31350.0,1,True,17,0,1
fintech_24_embedded.pdf,6c457d4a805d52d3ebd72e70f01045aa2cc465ade792d7b240e669d2b8e573db,10571,1.3,1,6,5,1,0,1,0,0,0,6.458144233777503,7.833248175653229,0.0,2.2614991842285512,7,0,0,0,False,2,False,False,10571.0,10571.0,1,True,19,0,1
tech_article_8_embedded.pdf,478b1d890cd64e4bb017fe78e41de638eda1d1b82bb35b3e89567ee63a9c77e8,777953,1.3,1,6,5,1,0,1,0,0,0,6.693382997418041,7.965626563183338,1.584962500721156,1.737750921842827,6,0,0,0,False,6,True,False,777953.0,777953.0,1,True,130,0,1
agritech_6_embedded.pdf,70b81d32bb3569382a12d69bbfc054543add85edbd7065b7eaa3d7ab268d6267,10557,1.3,1,6,5,1,0,1,0,0,0,6.654451810217818,7.834751655702163,2.2359263506290326,1.7091222636382666,7,0,0,0,False,2,False,False,10557.0,10557.0,1,True,14,0,1
tech_article_9_embedded.pdf,73343282482c76dec8e7c7c340e2e948c0f33514b478e0e4396a8924a1fc6d71,45031,1.3,1,6,5,1,0,1,0,0,0,6.435692334302672,7.868890521694174,0.0,2.1366729168289353,5,0,0,0,False,6,False,False,45031.0,45031.0,1,True,21,0,1
fintech_32_embedded.pdf,6c457d4a805d52d3ebd72e70f01045aa2cc465ade792d7b240e669d2b8e573db,10571,1.3,1,6,5,1,0,1,0,0,0,6.458144233777503,7.833248175653229,0.0,2.2614991842285512,7,0,0,0,False,2,False,False,10571.0,10571.0,1,True,18,0,1
tech_13_embedded.pdf,3b2515d9135b0da06893ef16a9720082b239a5fedd98d6900c3c78c91d8ddd18,10548,1.3,1,6,5,1,0,1,0,0,0,6.681988721595294,7.832430006562675,2.5,1.64401445488015,7,0,0,0,False,2,False,False,10548.0,10548.0,1,True,18,0,1
agritech_14_embedded.pdf,70b81d32bb3569382a12d69bbfc054543add85edbd7065b7eaa3d7ab268d6267,10557,1.3,1,6,5,1,0,1,0,0,0,6.654451810217818,7.834751655702163,2.2359263506290326,1.7091222636382666,7,0,0,0,False,2,False,False,10557.0,10557.0,1,True,20,0,1
tech_article_1_embedded.pdf,87d8d161af66dbfb4f3a9efa4698dd3f33c896add84c2df78eac6b2bd280cc5f,325532,1.3,1,6,5,1,0,1,0,0,0,6.620894912648532,7.9898623564200015,1.0,1.9237774226333069,5,0,0,0,False,6,False,False,325532.0,325532.0,1,True,74,0,1
stego2.pdf,6fc80aee431c721ac099305acf6d2d0a88faad2c350b7e0de9c1e287b447d574,233407,1.5,2,12,10,0,0,0,855652,933179,77527,5.874778481150531,7.780777444935276,2.2359263506290326,1.2578185149651844,1,0,0,0,False,15,False,False,116703.5,116703.5,1,True,140,0,1
cloud_4_embedded.pdf,bb45540b9431868715c5634b32beda40434b5b4a4d4d7a17219152a2271538ee,10556,1.3,1,6,5,1,0,1,0,0,0,6.660780206558543,7.834751655702163,2.2516291673878226,1.7021019021632764,7,0,0,0,False,2,False,False,10556.0,10556.0,1,True,8,0,1
edtech_15_embedded.pdf,bb11ba5319338fd6ff9b21ff6818c61d72c06dae39d7ca85cc7a54e9143ed603,10538,1.3,1,6,5,1,0,1,0,0,0,6.680677740889151,7.832258530217008,2.5,1.645483816532677,7,0,0,0,False,2,False,False,10538.0,10538.0,1,True,10,0,1
custom_1_embedded.pdf,6a97573e21c4e9066977602c2cc340715d1850bd6cb7ec8a16a3d895fd942d5d,154698,1.3,5,30,25,1,0,1,0,0,0,7.466293850895704,7.9840147653142575,2.5,1.5708701647028354,10,0,0,0,False,10,False,False,30939.6,30939.6,1,True,36,0,1
Stego_Embedded_Lecture.pdf,1ac6fd0b5fa483e35cafeb73dd4e76ae568c129921ae1479225ddd661189f43f,833220,1.3,44,264,220,0,0,1,0,0,0,6.659624554349806,7.991557095473346,3.9966393390134027,1.7673178629781712,6,0,0,0,False,71,False,True,18936.81818181818,18936.81818181818,1,True,273,0,1
cloud_28_embedded.pdf,bb45540b9431868715c5634b32beda40434b5b4a4d4d7a17219152a2271538ee,10556,1.3,1,6,5,1,0,1,0,0,0,6.660780206558543,7.834751655702163,2.2516291673878226,1.7021019021632764,7,0,0,0,False,2,False,False,10556.0,10556.0,1,True,7,0,1
cloud_12_embedded.pdf,bb45540b9431868715c5634b32beda40434b5b4a4d4d7a17219152a2271538ee,10556,1.3,1,6,5,1,0,1,0,0,0,6.660780206558543,7.834751655702163,2.2516291673878226,1.7021019021632764,7,0,0,0,False,2,False,False,10556.0,10556.0,1,True,9,0,1
tech_article_7_embedded.pdf,1806bb0f4edfac26e7dd63007416975eee88b084d2fe566ed620dcd1e634b70a,24986,1.3,1,6,5,1,0,1,0,0,0,6.377909332421976,7.916831633909116,2.2516291673878226,1.471641750772815,3,0,0,0,False,4,False,False,24986.0,24986.0,1,True,13,0,1
fintech_16_embedded.pdf,6c457d4a805d52d3ebd72e70f01045aa2cc465ade792d7b240e669d2b8e573db,10571,1.3,1,6,5,1,0,1,0,0,0,6.458144233777503,7.833248175653229,0.0,2.2614991842285512,7,0,0,0,False,2,False,False,10571.0,10571.0,1,True,13,0,1
output_embedded.pdf,4656ab3199ebc78356fe26f86147b9fc944c73ac2294937a0c2b77d63de32437,6160976,1.4,285,1710,1425,0,0,0,486002,0,486002,7.121419303158789,7.8266158473301894,2.2516291673878226,1.5435524442844342,10,0,0,0,False,309,False,True,21617.459649122808,21617.459649122808,1,True,1230,0,1
NETWORK_VISUALIZATION_protected.pdf,23d57f12ee62b7c279e042afa69a71c1dec1cd602815c414d907d6d15eb0a5e0,248445,1.4,10,60,50,0,0,0,0,0,0,7.467048190068951,7.990845252889187,2.321928094887362,1.6270387859454698,10,1,0,0,False,26,False,False,24844.5,24844.5,1,True,63,0,1
custom_5_embedded.pdf,1f4aeabd6f1638c866acf76375f312b6cc1d3e6eedcd1941ea88feec4675e46d,154611,1.3,5,30,25,1,0,1,0,0,0,7.2389775745820595,7.9840744935442185,0.0,2.289433808424747,10,0,0,0,False,10,False,False,30922.2,30922.2,1,True,48,0,1
metadata_embedded.pdf,9fa35be46655dfbd51b02a1801d878ac2cb3504f0c5f774aa85cd2e021c09130,173282,1.3,1,6,5,0,0,1,0,0,0,5.920510540157308,6.43493314543061,1.0,1.556040762284603,0,0,0,0,False,6,False,False,173282.0,173282.0,1,True,40,0,1
ai_1_embedded.pdf,b989dafc01ee2cf12cded07695f3fb42fc51033d88243852227b26f5b8c56c5d,10612,1.3,1,6,5,1,0,1,0,0,0,6.55678140054122,7.834470204566028,1.0,2.00172046407255,7,0,0,0,False,2,False,False,10612.0,10612.0,1,True,14,0,1
agentic_ai_19_embedded.pdf,4eb8ed861b862748f0d76ca8bea070cdc435c94ca975e1c0abbce6920261d7f8,10563,1.3,1,6,5,1,0,1,0,0,0,6.602008959959335,7.833401355224688,1.584962500721156,1.860935507482108,7,0,0,0,False,2,False,False,10563.0,10563.0,1,True,16,0,1
output_eof.pdf,b538d33d53ed9d468855cfbca8e0699a525b094e5adc00c1b7af180946022823,7270135,1.4,285,1710,1425,0,0,0,486002,0,486002,7.174707050184335,7.987834377895499,2.321928094887362,1.5424664066855271,10,0,0,0,False,309,False,True,25509.245614035088,25509.245614035088,1,True,1891,0,1
Stego_Hidden_EmbeddedFile.pdf,ecef6864fb0943b4fdf4ba833660692243787d73b54f00f06e88916c0d83b8b3,703365,1.3,44,264,220,1,0,1,0,0,0,7.424242792226434,7.992819711357332,2.321928094887362,1.6152772985248385,10,0,0,0,False,71,False,True,15985.568181818182,15985.568181818182,1,True,125,0,1
output_837fd0927db64ba3aae1c036662d7c4f.pdf,ffcaf0012f9153cc4781e9cf763c3292db7ceec0e01afd892f15cae7bd35c041,322546,1.4,4,24,20,0,120,0,0,0,0,5.9894877749882065,7.667748293802676,2.2516291673878226,1.290696881801782,1,0,0,0,False,17,False,False,80636.5,80636.5,1,True,78,0,1
cloud_36_embedded.pdf,bb45540b9431868715c5634b32beda40434b5b4a4d4d7a17219152a2271538ee,10556,1.3,1,6,5,1,0,1,0,0,0,6.660780206558543,7.834751655702163,2.2516291673878226,1.7021019021632764,7,0,0,0,False,2,False,False,10556.0,10556.0,1,True,10,0,1
agentic_ai_11_embedded.pdf,4eb8ed861b862748f0d76ca8bea070cdc435c94ca975e1c0abbce6920261d7f8,10563,1.3,1,6,5,1,0,1,0,0,0,6.602008959959335,7.833401355224688,1.584962500721156,1.860935507482108,7,0,0,0,False,2,False,False,10563.0,10563.0,1,True,15,0,1
ml_26_embedded.pdf,d52d3597cd65e7888f4a8e898ecd0c84385e59d7bf8b3d2e284ac666a948ecf9,10588,1.3,1,6,5,1,0,1,0,0,0,6.686722967269051,7.832907794111182,2.5,1.6397662309708274,7,0,0,0,False,2,False,False,10588.0,10588.0,1,True,17,0,1
tech_article_4_embedded.pdf,b758a8e44c0215d57a6a67b60155f56ff98bf4ea3b7e324b0c50099cfc343b1d,13384,1.3,1,6,5,1,0,1,0,0,0,6.225452498667973,7.747136838835805,2.0,1.4382341505141796,3,0,0,0,False,4,False,False,13384.0,13384.0,1,True,15,0,1
agentic_ai_27_embedded.pdf,4eb8ed861b862748f0d76ca8bea070cdc435c94ca975e1c0abbce6920261d7f8,10563,1.3,1,6,5,1,0,1,0,0,0,6.602008959959335,7.833401355224688,1.584962500721156,1.860935507482108,7,0,0,0,False,2,False,False,10563.0,10563.0,1,True,20,0,1
edtech_31_embedded.pdf,bb11ba5319338fd6ff9b21ff6818c61d72c06dae39d7ca85cc7a54e9143ed603,10538,1.3,1,6,5,1,0,1,0,0,0,6.680677740889151,7.832258530217008,2.5,1.645483816532677,7,0,0,0,False,2,False,False,10538.0,10538.0,1,True,22,0,1
tech_5_embedded.pdf,3b2515d9135b0da06893ef16a9720082b239a5fedd98d6900c3c78c91d8ddd18,10548,1.3,1,6,5,1,0,1,0,0,0,6.681988721595294,7.832430006562675,2.5,1.64401445488015,7,0,0,0,False,2,False,False,10548.0,10548.0,1,True,21,0,1
ai_17_embedded.pdf,b989dafc01ee2cf12cded07695f3fb42fc51033d88243852227b26f5b8c56c5d,10612,1.3,1,6,5,1,0,1,0,0,0,6.55678140054122,7.834470204566028,1.0,2.00172046407255,7,0,0,0,False,2,False,False,10612.0,10612.0,1,True,20,0,1
tech_article_6_embedded.pdf,76514ccab095c4473daace2ba08aeb446292277bb84a1b65c87004bbea70f9ac,1262990,1.3,1,6,5,1,0,1,0,0,0,7.250914816840121,7.973478182218221,6.407578278917661,0.7119407100988733,6,0,0,0,False,6,True,False,1262990.0,1262990.0,1,True,165,0,1
cloud_20_embedded.pdf,bb45540b9431868715c5634b32beda40434b5b4a4d4d7a17219152a2271538ee,10556,1.3,1,6,5,1,0,1,0,0,0,6.660780206558543,7.834751655702163,2.2516291673878226,1.7021019021632764,7,0,0,0,False,2,False,False,10556.0,10556.0,1,True,10,0,1
agritech_22_embedded.pdf,70b81d32bb3569382a12d69bbfc054543add85edbd7065b7eaa3d7ab268d6267,10557,1.3,1,6,5,1,0,1,0,0,0,6.654451810217818,7.834751655702163,2.2359263506290326,1.7091222636382666,7,0,0,0,False,2,False,False,10557.0,10557.0,1,True,11,0,1
custom_9_embedded.pdf,c1bcef835094f48224c747aa4b61410b8d29972dbdd528ea1511b108acc14cf5,154081,1.3,4,24,20,1,0,1,0,0,0,7.241071403153338,7.984041663805624,0.0,2.2900311937735536,10,0,0,0,False,8,False,False,38520.25,38520.25,1,True,35,0,1
custom_7_embedded.pdf,56ea5a93e31acf23d6b5f4c541bf13fb447999e7db285e466b1312ae77cbd6e5,152973,1.3,2,12,10,1,0,1,0,0,0,7.388483243485617,7.984189608220956,1.584962500721156,1.8353831947676469,10,0,0,0,False,4,False,False,76486.5,76486.5,1,True,36,0,1
fintech_8_embedded.pdf,6c457d4a805d52d3ebd72e70f01045aa2cc465ade792d7b240e669d2b8e573db,10571,1.3,1,6,5,1,0,1,0,0,0,6.458144233777503,7.833248175653229,0.0,2.2614991842285512,7,0,0,0,False,2,False,False,10571.0,10571.0,1,True,20,0,1
tech_article_3_embedded.pdf,861e0da7d221f8b2462fde9a25337d5a1087e4669d3def57557aecbe0800ea93,136386,1.3,1,6,5,1,0,1,0,0,0,6.428222253776806,7.637283457272727,2.2516291673878226,1.4096722988984187,4,0,0,0,False,6,False,False,136386.0,136386.0,1,True,56,0,1
edtech_7_embedded.pdf,bb11ba5319338fd6ff9b21ff6818c61d72c06dae39d7ca85cc7a54e9143ed603,10538,1.3,1,6,5,1,0,1,0,0,0,6.680677740889151,7.832258530217008,2.5,1.645483816532677,7,0,0,0,False,2,False,False,10538.0,10538.0,1,True,25,0,1
tech_29_embedded.pdf,3b2515d9135b0da06893ef16a9720082b239a5fedd98d6900c3c78c91d8ddd18,10548,1.3,1,6,5,1,0,1,0,0,0,6.681988721595294,7.832430006562675,2.5,1.64401445488015,7,0,0,0,False,2,False,False,10548.0,10548.0,1,True,27,0,1
Stego_JS_Embedded.pdf,2dffe2f31883add511de25d0e37996398c906745246ec40af621714203ac9458,576058,1.3,44,264,220,0,0,1,0,0,0,7.374623255958671,7.989618283568932,2.5,1.5525148138019647,10,0,0,0,False,71,True,True,13092.227272727272,13092.227272727272,1,True,194,0,1
custom_10_embedded.pdf,dd4a8a324cc04d38bf1f41dc5e7adbe5c306709850a30d4ee654884bb0ab8b67,154696,1.3,5,30,25,1,0,1,0,0,0,7.443516206989495,7.9840147653142575,2.2516291673878226,1.6422019577017672,10,0,0,0,False,10,False,False,30939.2,30939.2,1,True,50,0,1
ml_34_embedded.pdf,d52d3597cd65e7888f4a8e898ecd0c84385e59d7bf8b3d2e284ac666a948ecf9,10588,1.3,1,6,5,1,0,1,0,0,0,6.686722967269051,7.832907794111182,2.5,1.6397662309708274,7,0,0,0,False,2,False,False,10588.0,10588.0,1,True,23,0,1
stego1.pdf,d02552e6a248ea9237ed3cdfefa5a66d094a25813af5d3a38fa3ab16dea4e996,124704,1.5,5,30,25,0,25,0,0,0,0,6.64014282442769,7.9838451821786265,2.0,1.599257219001644,6,0,0,0,False,19,False,False,24940.8,24940.8,1,True,68,0,1
custom_3_embedded.pdf,f8c66e7b6697989cc0476a1aa423498fe7858deeed68ffc9ce98ced49433dc9d,152971,1.3,2,12,10,1,0,1,0,0,0,7.244366103019292,7.984189608220956,0.0,2.2909896140155706,10,0,0,0,False,4,False,False,76485.5,76485.5,1,True,65,0,1
output_eof_encrypted_compressed.pdf,4ce446e073e8ca62b99e92b62070763990c75876732b4e04696478daf7040837,7268131,1.4,285,1710,1425,0,0,0,486002,0,486002,6.964899848913993,7.999754132235721,0.0,2.2081465049541613,10,0,0,0,False,309,False,True,25502.21403508772,25502.21403508772,1,True,2233,0,1
output_interleave.pdf,b538d33d53ed9d468855cfbca8e0699a525b094e5adc00c1b7af180946022823,7270135,1.4,285,1710,1425,0,0,0,486002,0,486002,7.174707050184335,7.987834377895499,2.321928094887362,1.5424664066855271,10,0,0,0,False,309,False,True,25509.245614035088,25509.245614035088,1,True,1769,0,1
ml_10_embedded.pdf,d52d3597cd65e7888f4a8e898ecd0c84385e59d7bf8b3d2e284ac666a948ecf9,10588,1.3,1,6,5,1,0,1,0,0,0,6.686722967269051,7.832907794111182,2.5,1.6397662309708274,7,0,0,0,False,2,False,False,10588.0,10588.0,1,True,9,0,1
ai_25_embedded.pdf,b989dafc01ee2cf12cded07695f3fb42fc51033d88243852227b26f5b8c56c5d,10612,1.3,1,6,5,1,0,1,0,0,0,6.55678140054122,7.834470204566028,1.0,2.00172046407255,7,0,0,0,False,2,False,False,10612.0,10612.0,1,True,15,0,1
ai_33_embedded.pdf,b989dafc01ee2cf12cded07695f3fb42fc51033d88243852227b26f5b8c56c5d,10612,1.3,1,6,5,1,0,1,0,0,0,6.55678140054122,7.834470204566028,1.0,2.00172046407255,7,0,0,0,False,2,False,False,10612.0,10612.0,1,True,11,0,1
agentic_ai_35_embedded.pdf,4eb8ed861b862748f0d76ca8bea070cdc435c94ca975e1c0abbce6920261d7f8,10563,1.3,1,6,5,1,0,1,0,0,0,6.602008959959335,7.833401355224688,1.584962500721156,1.860935507482108,7,0,0,0,False,2,False,False,10563.0,10563.0,1,True,16,0,1
agritech_30_embedded.pdf,70b81d32bb3569382a12d69bbfc054543add85edbd7065b7eaa3d7ab268d6267,10557,1.3,1,6,5,1,0,1,0,0,0,6.654451810217818,7.834751655702163,2.2359263506290326,1.7091222636382666,7,0,0,0,False,2,False,False,10557.0,10557.0,1,True,13,0,1
tech_21_embedded.pdf,3b2515d9135b0da06893ef16a9720082b239a5fedd98d6900c3c78c91d8ddd18,10548,1.3,1,6,5,1,0,1,0,0,0,6.681988721595294,7.832430006562675,2.5,1.64401445488015,7,0,0,0,False,2,False,False,10548.0,10548.0,1,True,14,0,1
ai_9_embedded.pdf,b989dafc01ee2cf12cded07695f3fb42fc51033d88243852227b26f5b8c56c5d,10612,1.3,1,6,5,1,0,1,0,0,0,6.55678140054122,7.834470204566028,1.0,2.00172046407255,7,0,0,0,False,2,False,False,10612.0,10612.0,1,True,17,0,1
ml_18_embedded.pdf,d52d3597cd65e7888f4a8e898ecd0c84385e59d7bf8b3d2e284ac666a948ecf9,10588,1.3,1,6,5,1,0,1,0,0,0,6.686722967269051,7.832907794111182,2.5,1.6397662309708274,7,0,0,0,False,2,False,False,10588.0,10588.0,1,True,13,0,1
edtech_23_embedded.pdf,bb11ba5319338fd6ff9b21ff6818c61d72c06dae39d7ca85cc7a54e9143ed603,10538,1.3,1,6,5,1,0,1,0,0,0,6.680677740889151,7.832258530217008,2.5,1.645483816532677,7,0,0,0,False,2,False,False,10538.0,10538.0,1,True,14,0,1
tech_article_2_embedded.pdf,32017b7b456740c54c11b13adc88c2f746b749c53caf4d991082ba2c679761da,3543217,1.3,1,6,5,1,0,1,0,0,0,6.698937112622375,7.985817342402461,2.2359263506290326,1.5788908679079416,5,0,0,0,False,4,True,False,3543217.0,3543217.0,1,True,447,0,1
tech_article_5_embedded.pdf,f49095e7be3b18514ca84e91c8ef016289f50cab2eac9d97475fafd23b5283db,23973,1.3,1,6,5,1,0,1,0,0,0,6.5950336428299785,7.782937742919337,1.584962500721156,1.6773190132838294,6,0,0,0,False,6,False,False,23973.0,23973.0,1,True,9,0,1
custom_6_embedded.pdf,bbf2621afb7829c9feb8e5e3e057ee449b6d86d220bf892d9e3a2a4a368cc022,154066,1.3,4,24,20,1,0,1,0,0,0,7.445677439994642,7.983938914628575,2.2516291673878226,1.6427892297341762,10,0,0,0,False,8,False,False,38516.5,38516.5,1,True,34,0,1
custom_2_embedded.pdf,035c98b119943eb01ec0b2c06990480dd19c3e77d82d332bb21e7c137ae59e3e,152995,1.3,2,12,10,1,0,1,0,0,0,7.455479592481583,7.98421975998711,2.321928094887362,1.6235404056225349,10,0,0,0,False,4,False,False,76497.5,76497.5,1,True,36,0,1
custom_4_embedded.pdf,6ff6ad1588c01dc4365ce46100444452aa0e3431c6bd793f7f2322e464ba5e64,152413,1.3,1,6,5,1,0,1,0,0,0,7.389590968134857,7.984273176135928,1.584962500721156,1.8357048876141402,10,0,0,0,False,2,False,False,152413.0,152413.0,1,True,40,0,1
stego3.pdf,90a7c80d90db3ec3a617fbc94efda222c69a65d6dc61382f12e3a3159835fd24,99611,1.7,4,24,20,0,0,0,66067,66067,0,6.886446296435846,7.982611216457938,0.0,2.2781274612620708,8,0,0,0,False,8,False,False,24902.75,24902.75,1,True,43,0,1
